{
  "learning_rate": 0.03563722656241062,
  "temperature": 0.7018670099808779,
  "max_tokens": 1432,
  "timeout": 99.26698316705114,
  "persona_update_threshold": {
    "min": 3.5,
    "max": 5.0,
    "current_value": 3.8180791299865007
  },
  "high_score_weight": {
    "min": 1.0,
    "max": 2.5,
    "current_value": 1.8614853696721207
  },
  "knowledge_retrieval_scope": {
    "min": 1,
    "max": 4,
    "current_value": 4
  }
}