{
  "learning_rate": 0.05272050828582541,
  "temperature": 0.729115055062774,
  "max_tokens": 1902,
  "timeout": 293.121785119685,
  "persona_update_threshold": {
    "min": 3.5,
    "max": 5.0,
    "current_value": 4.768709420526472
  },
  "high_score_weight": {
    "min": 1.0,
    "max": 2.5,
    "current_value": 1.0784863214488267
  },
  "knowledge_retrieval_scope": {
    "min": 1,
    "max": 4,
    "current_value": 4
  }
}