{
  "accuracy": 0.9257328990228013,
  "best_params": {
    "max_depth": 12,
    "min_samples_split": 3,
    "n_estimators": 250
  },
  "train_samples": 6140,
  "test_samples": 1535,
  "cv_score": 0.9286644951140065
}