{
  "accuracy": 0.9464019851116625,
  "best_params": {
    "max_depth": 12,
    "min_samples_split": 3,
    "n_estimators": 250
  },
  "train_samples": 8060,
  "test_samples": 2015,
  "cv_score": 0.9459057071960298
}