{
  "accuracy": 0.9355223880597014,
  "best_params": {
    "max_depth": 12,
    "min_samples_split": 3,
    "n_estimators": 250
  },
  "train_samples": 6700,
  "test_samples": 1675,
  "cv_score": 0.9346268656716419
}