{
  "accuracy": 0.9212543554006969,
  "best_params": {
    "max_depth": 12,
    "min_samples_split": 3,
    "n_estimators": 250
  },
  "train_samples": 5740,
  "test_samples": 1435,
  "cv_score": 0.9205574912891986
}