{
  "accuracy": 0.9540983606557377,
  "best_params": {
    "max_depth": 12,
    "min_samples_split": 3,
    "n_estimators": 150
  },
  "train_samples": 8540,
  "test_samples": 2135,
  "cv_score": 0.947775175644028
}