{
  "accuracy": 0.9557603686635945,
  "best_params": {
    "max_depth": 12,
    "min_samples_split": 3,
    "n_estimators": 150
  },
  "train_samples": 13020,
  "test_samples": 3255,
  "cv_score": 0.9561443932411674
}