{
  "accuracy": 0.9281733746130031,
  "best_params": {
    "max_depth": 12,
    "min_samples_split": 3,
    "n_estimators": 250
  },
  "train_samples": 6460,
  "test_samples": 1615,
  "cv_score": 0.9318885448916407
}