{
  "accuracy": 0.9494089834515367,
  "best_params": {
    "max_depth": 12,
    "min_samples_split": 3,
    "n_estimators": 250
  },
  "train_samples": 8460,
  "test_samples": 2115,
  "cv_score": 0.9472813238770685
}