{
  "accuracy": 0.9292035398230089,
  "best_params": {
    "max_depth": 12,
    "min_samples_split": 3,
    "n_estimators": 150
  },
  "train_samples": 6780,
  "test_samples": 1695,
  "cv_score": 0.9362831858407079
}