{
  "accuracy": 0.9460916442048517,
  "best_params": {
    "max_depth": 12,
    "min_samples_split": 3,
    "n_estimators": 150
  },
  "train_samples": 7420,
  "test_samples": 1855,
  "cv_score": 0.9392183288409705
}