{
  "accuracy": 0.9483375959079284,
  "best_params": {
    "max_depth": 12,
    "min_samples_split": 3,
    "n_estimators": 150
  },
  "train_samples": 7820,
  "test_samples": 1955,
  "cv_score": 0.9427109974424553
}