{
  "accuracy": 0.9484918793503481,
  "best_params": {
    "max_depth": 12,
    "min_samples_split": 3,
    "n_estimators": 150
  },
  "train_samples": 8620,
  "test_samples": 2155,
  "cv_score": 0.9476798143851507
}