{
  "accuracy": 0.943980343980344,
  "best_params": {
    "max_depth": 12,
    "min_samples_split": 3,
    "n_estimators": 250
  },
  "train_samples": 8140,
  "test_samples": 2035,
  "cv_score": 0.9468058968058969
}