{
  "accuracy": 0.9228295819935691,
  "best_params": {
    "max_depth": 12,
    "min_samples_split": 3,
    "n_estimators": 250
  },
  "train_samples": 6220,
  "test_samples": 1555,
  "cv_score": 0.9310289389067524
}