{
  "accuracy": 0.9411192214111922,
  "best_params": {
    "max_depth": 12,
    "min_samples_split": 3,
    "n_estimators": 150
  },
  "train_samples": 8220,
  "test_samples": 2055,
  "cv_score": 0.9474452554744526
}