{
  "accuracy": 0.952183908045977,
  "best_params": {
    "max_depth": 12,
    "min_samples_split": 5,
    "n_estimators": 150
  },
  "train_samples": 8700,
  "test_samples": 2175,
  "cv_score": 0.9479310344827587
}