{
  "accuracy": 0.9494407158836689,
  "best_params": {
    "max_depth": 12,
    "min_samples_split": 3,
    "n_estimators": 150
  },
  "train_samples": 8940,
  "test_samples": 2235,
  "cv_score": 0.9506711409395973
}