{
  "accuracy": 0.9465393794749404,
  "best_params": {
    "max_depth": 12,
    "min_samples_split": 3,
    "n_estimators": 250
  },
  "train_samples": 8380,
  "test_samples": 2095,
  "cv_score": 0.9465393794749403
}