{
  "accuracy": 0.9483028720626632,
  "best_params": {
    "max_depth": 12,
    "min_samples_split": 3,
    "n_estimators": 200
  },
  "train_samples": 7660,
  "test_samples": 1915,
  "cv_score": 0.9404699738903395
}