{
  "accuracy": 0.9282539682539682,
  "best_params": {
    "max_depth": 12,
    "min_samples_split": 3,
    "n_estimators": 250
  },
  "train_samples": 6300,
  "test_samples": 1575,
  "cv_score": 0.9307936507936508
}