{
  "accuracy": 0.9179661016949152,
  "best_params": {
    "max_depth": 12,
    "min_samples_split": 3,
    "n_estimators": 200
  },
  "train_samples": 5900,
  "test_samples": 1475,
  "cv_score": 0.9222033898305085
}