{
  "accuracy": 0.9516629711751663,
  "best_params": {
    "max_depth": 12,
    "min_samples_split": 3,
    "n_estimators": 250
  },
  "train_samples": 9020,
  "test_samples": 2255,
  "cv_score": 0.9509977827050997
}